日期,SO2分指数,NO2分指数,AQI
2023/11/19,"\mathcal{L}(8,10)","\mathcal{L}(87,89)","\mathcal{L}(87,89)"
2023/11/18,"\mathcal{L}(8,10)","\mathcal{L}(59,61)","\mathcal{L}(59,61)"
2023/11/17,"\mathcal{L}(7,9)","\mathcal{L}(47,49)","\mathcal{L}(88,90)"
2023/11/16,"\mathcal{L}(7,9)","\mathcal{L}(63,65)","\mathcal{L}(88,90)"
2023/11/15,"\mathcal{L}(9,11)","\mathcal{L}(91,93)","\mathcal{L}(98,100)"
2023/11/14,"\mathcal{L}(7,9)","\mathcal{L}(68,70)","\mathcal{L}(68,70)"
2023/11/13,"\mathcal{L}(7,9)","\mathcal{L}(39,41)","\mathcal{L}(39,41)"
2023/11/12,"\mathcal{L}(6,8)","\mathcal{L}(29,31)","\mathcal{L}(35,37)"
2023/11/11,"\mathcal{L}(5,7)","\mathcal{L}(22,24)","\mathcal{L}(34,36)"
2023/11/10,"\mathcal{L}(5,7)","\mathcal{L}(21,23)","\mathcal{L}(38,40)"
2023/11/9,"\mathcal{L}(7,9)","\mathcal{L}(62,64)","\mathcal{L}(62,64)"
2023/11/8,"\mathcal{L}(7,9)","\mathcal{L}(48,50)","\mathcal{L}(49,51)"
2023/11/7,"\mathcal{L}(8,10)","\mathcal{L}(48,50)","\mathcal{L}(53,55)"
2023/11/6,"\mathcal{L}(6,8)","\mathcal{L}(29,31)","\mathcal{L}(34,36)"
2023/11/6,"\mathcal{L}(6,8)","\mathcal{L}(29,31)","\mathcal{L}(34,36)"
2023/11/5,"\mathcal{L}(6,8)","\mathcal{L}(19,21)","\mathcal{L}(42,44)"
2023/11/4,"\mathcal{L}(6,8)","\mathcal{L}(33,35)","\mathcal{L}(33,35)"
2023/11/4,"\mathcal{L}(6,8)","\mathcal{L}(33,35)","\mathcal{L}(33,35)"
2023/11/3,"\mathcal{L}(7,9)","\mathcal{L}(43,45)","\mathcal{L}(77,79)"
2023/11/2,"\mathcal{L}(6,8)","\mathcal{L}(27,29)","\mathcal{L}(71,73)"
2023/11/1,"\mathcal{L}(6,8)","\mathcal{L}(37,39)","\mathcal{L}(77,79)"
2023/10/31,"\mathcal{L}(6,8)","\mathcal{L}(41,43)","\mathcal{L}(81,83)"
2023/10/30,"\mathcal{L}(5,7)","\mathcal{L}(37,39)","\mathcal{L}(57,59)"
2023/10/29,"\mathcal{L}(6,8)","\mathcal{L}(39,41)","\mathcal{L}(71,73)"
2023/10/28,"\mathcal{L}(6,8)","\mathcal{L}(49,51)","\mathcal{L}(49,51)"
2023/10/28,"\mathcal{L}(6,8)","\mathcal{L}(49,51)","\mathcal{L}(49,51)"
2023/10/27,"\mathcal{L}(6,8)","\mathcal{L}(53,55)","\mathcal{L}(71,73)"
2023/10/26,"\mathcal{L}(6,8)","\mathcal{L}(61,63)","\mathcal{L}(94,96)"
2023/10/25,"\mathcal{L}(7,9)","\mathcal{L}(67,69)","\mathcal{L}(79,81)"
2023/10/24,"\mathcal{L}(6,8)","\mathcal{L}(46,48)","\mathcal{L}(65,67)"
2023/10/23,"\mathcal{L}(6,8)","\mathcal{L}(39,41)","\mathcal{L}(57,59)"
2023/10/22,"\mathcal{L}(6,8)","\mathcal{L}(44,46)","\mathcal{L}(57,59)"
2023/10/21,"\mathcal{L}(6,8)","\mathcal{L}(46,48)","\mathcal{L}(46,48)"
2023/10/20,"\mathcal{L}(6,8)","\mathcal{L}(34,36)","\mathcal{L}(40,42)"
2023/10/19,"\mathcal{L}(7,9)","\mathcal{L}(57,59)","\mathcal{L}(117,119)"
2023/10/18,"\mathcal{L}(7,9)","\mathcal{L}(39,41)","\mathcal{L}(104,106)"
2023/10/17,"\mathcal{L}(7,9)","\mathcal{L}(57,59)","\mathcal{L}(89,91)"
2023/10/16,"\mathcal{L}(8,10)","\mathcal{L}(71,73)","\mathcal{L}(94,96)"
2023/10/15,"\mathcal{L}(7,9)","\mathcal{L}(67,69)","\mathcal{L}(81,83)"
2023/10/15,"\mathcal{L}(7,9)","\mathcal{L}(67,69)","\mathcal{L}(81,83)"
2023/10/14,"\mathcal{L}(7,9)","\mathcal{L}(63,65)","\mathcal{L}(70,72)"
2023/10/13,"\mathcal{L}(5,7)","\mathcal{L}(38,40)","\mathcal{L}(45,47)"
2023/10/12,"\mathcal{L}(5,7)","\mathcal{L}(41,43)","\mathcal{L}(48,50)"
2023/10/11,"\mathcal{L}(5,7)","\mathcal{L}(36,38)","\mathcal{L}(59,61)"
2023/10/10,"\mathcal{L}(6,8)","\mathcal{L}(37,39)","\mathcal{L}(62,64)"
2023/10/9,"\mathcal{L}(5,7)","\mathcal{L}(39,41)","\mathcal{L}(46,48)"
2023/10/8,"\mathcal{L}(5,7)","\mathcal{L}(27,29)","\mathcal{L}(44,46)"
2023/10/7,"\mathcal{L}(5,7)","\mathcal{L}(22,24)","\mathcal{L}(44,46)"
2023/10/6,"\mathcal{L}(5,7)","\mathcal{L}(19,21)","\mathcal{L}(41,43)"
2023/10/5,"\mathcal{L}(5,7)","\mathcal{L}(21,23)","\mathcal{L}(45,47)"
2023/10/4,"\mathcal{L}(6,8)","\mathcal{L}(21,23)","\mathcal{L}(52,54)"
2023/10/3,"\mathcal{L}(6,8)","\mathcal{L}(24,26)","\mathcal{L}(49,51)"
2023/10/2,"\mathcal{L}(5,7)","\mathcal{L}(22,24)","\mathcal{L}(48,50)"
2023/10/1,"\mathcal{L}(6,8)","\mathcal{L}(22,24)","\mathcal{L}(59,61)"
2023/9/30,"\mathcal{L}(6,8)","\mathcal{L}(26,28)","\mathcal{L}(44,46)"
2023/9/30,"\mathcal{L}(6,8)","\mathcal{L}(26,28)","\mathcal{L}(44,46)"
2023/9/29,"\mathcal{L}(6,8)","\mathcal{L}(24,26)","\mathcal{L}(80,82)"
2023/9/28,"\mathcal{L}(6,8)","\mathcal{L}(33,35)","\mathcal{L}(52,54)"
2023/9/27,"\mathcal{L}(6,8)","\mathcal{L}(34,36)","\mathcal{L}(77,79)"
2023/9/26,"\mathcal{L}(6,8)","\mathcal{L}(39,41)","\mathcal{L}(63,65)"
2023/9/25,"\mathcal{L}(6,8)","\mathcal{L}(53,55)","\mathcal{L}(53,55)"
2023/9/24,"\mathcal{L}(6,8)","\mathcal{L}(38,40)","\mathcal{L}(38,40)"
2023/9/23,"\mathcal{L}(5,7)","\mathcal{L}(37,39)","\mathcal{L}(38,40)"
2023/9/22,"\mathcal{L}(5,7)","\mathcal{L}(36,38)","\mathcal{L}(36,38)"
2023/9/21,"\mathcal{L}(5,7)","\mathcal{L}(32,34)","\mathcal{L}(43,45)"
2023/9/20,"\mathcal{L}(6,8)","\mathcal{L}(24,26)","\mathcal{L}(46,48)"
2023/9/19,"\mathcal{L}(6,8)","\mathcal{L}(23,25)","\mathcal{L}(72,74)"
2023/9/18,"\mathcal{L}(6,8)","\mathcal{L}(24,26)","\mathcal{L}(101,103)"
2023/9/17,"\mathcal{L}(6,8)","\mathcal{L}(42,44)","\mathcal{L}(111,113)"
2023/9/16,"\mathcal{L}(5,7)","\mathcal{L}(51,53)","\mathcal{L}(51,53)"
2023/9/15,"\mathcal{L}(5,7)","\mathcal{L}(51,53)","\mathcal{L}(51,53)"
2023/9/14,"\mathcal{L}(5,7)","\mathcal{L}(34,36)","\mathcal{L}(34,36)"
2023/9/13,"\mathcal{L}(6,8)","\mathcal{L}(26,28)","\mathcal{L}(40,42)"
2023/9/12,"\mathcal{L}(6,8)","\mathcal{L}(24,26)","\mathcal{L}(44,46)"
2023/9/11,"\mathcal{L}(6,8)","\mathcal{L}(26,28)","\mathcal{L}(80,82)"
2023/9/10,"\mathcal{L}(6,8)","\mathcal{L}(26,28)","\mathcal{L}(86,88)"
2023/9/9,"\mathcal{L}(6,8)","\mathcal{L}(28,30)","\mathcal{L}(75,77)"
2023/9/8,"\mathcal{L}(6,8)","\mathcal{L}(24,26)","\mathcal{L}(64,66)"
2023/9/7,"\mathcal{L}(6,8)","\mathcal{L}(22,24)","\mathcal{L}(55,57)"
2023/9/6,"\mathcal{L}(6,8)","\mathcal{L}(18,20)","\mathcal{L}(33,35)"
2023/9/5,"\mathcal{L}(6,8)","\mathcal{L}(22,24)","\mathcal{L}(31,33)"
2023/9/4,"\mathcal{L}(6,8)","\mathcal{L}(24,26)","\mathcal{L}(24,26)"
2023/9/3,"\mathcal{L}(6,8)","\mathcal{L}(23,25)","\mathcal{L}(64,66)"
2023/9/2,"\mathcal{L}(6,8)","\mathcal{L}(16,18)","\mathcal{L}(77,79)"
2023/9/1,"\mathcal{L}(6,8)","\mathcal{L}(24,26)","\mathcal{L}(55,57)"
2023/8/31,"\mathcal{L}(6,8)","\mathcal{L}(34,36)","\mathcal{L}(48,50)"
2023/8/30,"\mathcal{L}(5,7)","\mathcal{L}(27,29)","\mathcal{L}(44,46)"
2023/8/29,"\mathcal{L}(5,7)","\mathcal{L}(33,35)","\mathcal{L}(33,35)"
2023/8/28,"\mathcal{L}(6,8)","\mathcal{L}(21,23)","\mathcal{L}(39,41)"
2023/8/27,"\mathcal{L}(5,7)","\mathcal{L}(17,19)","\mathcal{L}(33,35)"
2023/8/26,"\mathcal{L}(6,8)","\mathcal{L}(23,25)","\mathcal{L}(74,76)"
2023/8/25,"\mathcal{L}(6,8)","\mathcal{L}(23,25)","\mathcal{L}(90,92)"
2023/8/24,"\mathcal{L}(7,9)","\mathcal{L}(31,33)","\mathcal{L}(104,106)"
2023/8/23,"\mathcal{L}(6,8)","\mathcal{L}(28,30)","\mathcal{L}(65,67)"
2023/8/22,"\mathcal{L}(6,8)","\mathcal{L}(27,29)","\mathcal{L}(99,101)"
2023/8/21,"\mathcal{L}(6,8)","\mathcal{L}(19,21)","\mathcal{L}(101,103)"
2023/8/20,"\mathcal{L}(5,7)","\mathcal{L}(17,19)","\mathcal{L}(42,44)"
2023/8/19,"\mathcal{L}(5,7)","\mathcal{L}(18,20)","\mathcal{L}(49,51)"
2023/8/18,"\mathcal{L}(6,8)","\mathcal{L}(34,36)","\mathcal{L}(58,60)"
2023/8/17,"\mathcal{L}(5,7)","\mathcal{L}(34,36)","\mathcal{L}(56,58)"
2023/8/16,"\mathcal{L}(5,7)","\mathcal{L}(28,30)","\mathcal{L}(54,56)"
2023/8/15,"\mathcal{L}(5,7)","\mathcal{L}(18,20)","\mathcal{L}(36,38)"
2023/8/14,"\mathcal{L}(5,7)","\mathcal{L}(16,18)","\mathcal{L}(43,45)"
2023/8/13,"\mathcal{L}(6,8)","\mathcal{L}(17,19)","\mathcal{L}(73,75)"
2023/8/12,"\mathcal{L}(6,8)","\mathcal{L}(21,23)","\mathcal{L}(131,133)"
2023/8/11,"\mathcal{L}(6,8)","\mathcal{L}(24,26)","\mathcal{L}(162,164)"
2023/8/10,"\mathcal{L}(5,7)","\mathcal{L}(21,23)","\mathcal{L}(112,114)"
2023/8/9,"\mathcal{L}(5,7)","\mathcal{L}(19,21)","\mathcal{L}(54,56)"
2023/8/8,"\mathcal{L}(6,8)","\mathcal{L}(18,20)","\mathcal{L}(55,57)"
2023/8/7,"\mathcal{L}(6,8)","\mathcal{L}(21,23)","\mathcal{L}(39,41)"
2023/8/6,"\mathcal{L}(6,8)","\mathcal{L}(23,25)","\mathcal{L}(52,54)"
2023/8/5,"\mathcal{L}(5,7)","\mathcal{L}(14,16)","\mathcal{L}(27,29)"
2023/8/4,"\mathcal{L}(5,7)","\mathcal{L}(12,14)","\mathcal{L}(26,28)"
2023/8/3,"\mathcal{L}(5,7)","\mathcal{L}(11,13)","\mathcal{L}(30,32)"
2023/8/2,"\mathcal{L}(5,7)","\mathcal{L}(13,15)","\mathcal{L}(25,27)"
2023/8/1,"\mathcal{L}(5,7)","\mathcal{L}(13,15)","\mathcal{L}(23,25)"
2023/7/31,"\mathcal{L}(5,7)","\mathcal{L}(16,18)","\mathcal{L}(26,28)"
2023/7/30,"\mathcal{L}(5,7)","\mathcal{L}(13,15)","\mathcal{L}(25,27)"
2023/7/29,"\mathcal{L}(4,6)","\mathcal{L}(11,13)","\mathcal{L}(18,20)"
2023/7/28,"\mathcal{L}(4,6)","\mathcal{L}(11,13)","\mathcal{L}(20,22)"
2023/7/27,"\mathcal{L}(5,7)","\mathcal{L}(13,15)","\mathcal{L}(17,19)"
2023/7/27,"\mathcal{L}(5,7)","\mathcal{L}(13,15)","\mathcal{L}(17,19)"
2023/7/26,"\mathcal{L}(5,7)","\mathcal{L}(12,14)","\mathcal{L}(28,30)"
2023/7/25,"\mathcal{L}(5,7)","\mathcal{L}(16,18)","\mathcal{L}(42,44)"
2023/7/24,"\mathcal{L}(6,8)","\mathcal{L}(26,28)","\mathcal{L}(56,58)"
2023/7/23,"\mathcal{L}(5,7)","\mathcal{L}(21,23)","\mathcal{L}(55,57)"
2023/7/22,"\mathcal{L}(5,7)","\mathcal{L}(24,26)","\mathcal{L}(46,48)"
2023/7/21,"\mathcal{L}(5,7)","\mathcal{L}(28,30)","\mathcal{L}(65,67)"
2023/7/20,"\mathcal{L}(5,7)","\mathcal{L}(31,33)","\mathcal{L}(31,33)"
2023/7/19,"\mathcal{L}(5,7)","\mathcal{L}(24,26)","\mathcal{L}(31,33)"
2023/7/18,"\mathcal{L}(5,7)","\mathcal{L}(19,21)","\mathcal{L}(35,37)"
2023/7/17,"\mathcal{L}(5,7)","\mathcal{L}(13,15)","\mathcal{L}(27,29)"
2023/7/16,"\mathcal{L}(5,7)","\mathcal{L}(24,26)","\mathcal{L}(33,35)"
2023/7/15,"\mathcal{L}(6,8)","\mathcal{L}(26,28)","\mathcal{L}(114,116)"
2023/7/14,"\mathcal{L}(6,8)","\mathcal{L}(23,25)","\mathcal{L}(129,131)"
2023/7/13,"\mathcal{L}(6,8)","\mathcal{L}(26,28)","\mathcal{L}(112,114)"
2023/7/12,"\mathcal{L}(6,8)","\mathcal{L}(24,26)","\mathcal{L}(135,137)"
2023/7/11,"\mathcal{L}(6,8)","\mathcal{L}(26,28)","\mathcal{L}(125,127)"
2023/7/10,"\mathcal{L}(5,7)","\mathcal{L}(42,44)","\mathcal{L}(42,44)"
2023/7/10,"\mathcal{L}(5,7)","\mathcal{L}(42,44)","\mathcal{L}(42,44)"
2023/7/9,"\mathcal{L}(5,7)","\mathcal{L}(38,40)","\mathcal{L}(63,65)"
2023/7/8,"\mathcal{L}(5,7)","\mathcal{L}(41,43)","\mathcal{L}(41,43)"
2023/7/7,"\mathcal{L}(6,8)","\mathcal{L}(34,36)","\mathcal{L}(68,70)"
2023/7/6,"\mathcal{L}(6,8)","\mathcal{L}(32,34)","\mathcal{L}(98,100)"
2023/7/5,"\mathcal{L}(5,7)","\mathcal{L}(27,29)","\mathcal{L}(83,85)"
2023/7/4,"\mathcal{L}(6,8)","\mathcal{L}(28,30)","\mathcal{L}(79,81)"
2023/7/3,"\mathcal{L}(5,7)","\mathcal{L}(37,39)","\mathcal{L}(101,103)"
2023/7/2,"\mathcal{L}(5,7)","\mathcal{L}(29,31)","\mathcal{L}(105,107)"
2023/7/1,"\mathcal{L}(5,7)","\mathcal{L}(22,24)","\mathcal{L}(101,103)"
2023/6/30,"\mathcal{L}(5,7)","\mathcal{L}(28,30)","\mathcal{L}(38,40)"
2023/6/29,"\mathcal{L}(6,8)","\mathcal{L}(28,30)","\mathcal{L}(86,88)"
2023/6/28,"\mathcal{L}(6,8)","\mathcal{L}(24,26)","\mathcal{L}(94,96)"
2023/6/27,"\mathcal{L}(6,8)","\mathcal{L}(31,33)","\mathcal{L}(64,66)"
2023/6/26,"\mathcal{L}(5,7)","\mathcal{L}(31,33)","\mathcal{L}(46,48)"
2023/6/25,"\mathcal{L}(5,7)","\mathcal{L}(27,29)","\mathcal{L}(49,51)"
2023/6/24,"\mathcal{L}(5,7)","\mathcal{L}(17,19)","\mathcal{L}(62,64)"
2023/6/23,"\mathcal{L}(6,8)","\mathcal{L}(26,28)","\mathcal{L}(73,75)"
2023/6/22,"\mathcal{L}(7,9)","\mathcal{L}(37,39)","\mathcal{L}(106,108)"
2023/6/21,"\mathcal{L}(6,8)","\mathcal{L}(37,39)","\mathcal{L}(145,147)"
2023/6/20,"\mathcal{L}(6,8)","\mathcal{L}(33,35)","\mathcal{L}(91,93)"
2023/6/19,"\mathcal{L}(5,7)","\mathcal{L}(36,38)","\mathcal{L}(36,38)"
2023/6/18,"\mathcal{L}(5,7)","\mathcal{L}(39,41)","\mathcal{L}(39,41)"
2023/6/17,"\mathcal{L}(5,7)","\mathcal{L}(21,23)","\mathcal{L}(66,68)"
2023/6/16,"\mathcal{L}(6,8)","\mathcal{L}(31,33)","\mathcal{L}(99,101)"
2023/6/15,"\mathcal{L}(7,9)","\mathcal{L}(42,44)","\mathcal{L}(116,118)"
2023/6/14,"\mathcal{L}(6,8)","\mathcal{L}(31,33)","\mathcal{L}(99,101)"
2023/6/13,"\mathcal{L}(5,7)","\mathcal{L}(23,25)","\mathcal{L}(27,29)"
2023/6/12,"\mathcal{L}(6,8)","\mathcal{L}(22,24)","\mathcal{L}(42,44)"
2023/6/11,"\mathcal{L}(7,9)","\mathcal{L}(29,31)","\mathcal{L}(74,76)"
2023/6/10,"\mathcal{L}(7,9)","\mathcal{L}(26,28)","\mathcal{L}(127,129)"
2023/6/9,"\mathcal{L}(7,9)","\mathcal{L}(34,36)","\mathcal{L}(139,141)"
2023/6/8,"\mathcal{L}(6,8)","\mathcal{L}(37,39)","\mathcal{L}(118,120)"
2023/6/7,"\mathcal{L}(6,8)","\mathcal{L}(33,35)","\mathcal{L}(61,63)"
2023/6/6,"\mathcal{L}(5,7)","\mathcal{L}(33,35)","\mathcal{L}(64,66)"
2023/6/5,"\mathcal{L}(5,7)","\mathcal{L}(32,34)","\mathcal{L}(46,48)"
2023/6/4,"\mathcal{L}(7,9)","\mathcal{L}(27,29)","\mathcal{L}(66,68)"
2023/6/3,"\mathcal{L}(6,8)","\mathcal{L}(24,26)","\mathcal{L}(80,82)"
2023/6/2,"\mathcal{L}(7,9)","\mathcal{L}(33,35)","\mathcal{L}(139,141)"
2023/6/1,"\mathcal{L}(7,9)","\mathcal{L}(34,36)","\mathcal{L}(48,50)"
2023/5/31,"\mathcal{L}(6,8)","\mathcal{L}(33,35)","\mathcal{L}(37,39)"
2023/5/30,"\mathcal{L}(6,8)","\mathcal{L}(34,36)","\mathcal{L}(43,45)"
2023/5/29,"\mathcal{L}(7,9)","\mathcal{L}(31,33)","\mathcal{L}(121,123)"
2023/5/28,"\mathcal{L}(7,9)","\mathcal{L}(21,23)","\mathcal{L}(79,81)"
2023/5/27,"\mathcal{L}(6,8)","\mathcal{L}(19,21)","\mathcal{L}(46,48)"
2023/5/26,"\mathcal{L}(6,8)","\mathcal{L}(33,35)","\mathcal{L}(59,61)"
2023/5/25,"\mathcal{L}(7,9)","\mathcal{L}(28,30)","\mathcal{L}(94,96)"
2023/5/24,"\mathcal{L}(7,9)","\mathcal{L}(48,50)","\mathcal{L}(64,66)"
2023/5/23,"\mathcal{L}(7,9)","\mathcal{L}(44,46)","\mathcal{L}(82,84)"
2023/5/22,"\mathcal{L}(5,7)","\mathcal{L}(28,30)","\mathcal{L}(75,77)"
2023/5/21,"\mathcal{L}(5,7)","\mathcal{L}(26,28)","\mathcal{L}(64,66)"
2023/5/20,"\mathcal{L}(5,7)","\mathcal{L}(26,28)","\mathcal{L}(75,77)"
2023/5/19,"\mathcal{L}(5,7)","\mathcal{L}(28,30)","\mathcal{L}(47,49)"
2023/5/18,"\mathcal{L}(5,7)","\mathcal{L}(28,30)","\mathcal{L}(45,47)"
2023/5/17,"\mathcal{L}(5,7)","\mathcal{L}(18,20)","\mathcal{L}(51,53)"
2023/5/16,"\mathcal{L}(7,9)","\mathcal{L}(27,29)","\mathcal{L}(97,99)"
2023/5/15,"\mathcal{L}(8,10)","\mathcal{L}(47,49)","\mathcal{L}(136,138)"
2023/5/14,"\mathcal{L}(8,10)","\mathcal{L}(51,53)","\mathcal{L}(145,147)"
2023/5/13,"\mathcal{L}(8,10)","\mathcal{L}(51,53)","\mathcal{L}(164,166)"
2023/5/12,"\mathcal{L}(9,11)","\mathcal{L}(66,68)","\mathcal{L}(139,141)"
2023/5/11,"\mathcal{L}(7,9)","\mathcal{L}(66,68)","\mathcal{L}(66,68)"
2023/5/10,"\mathcal{L}(6,8)","\mathcal{L}(37,39)","\mathcal{L}(72,74)"
2023/5/9,"\mathcal{L}(6,8)","\mathcal{L}(42,44)","\mathcal{L}(80,82)"
2023/5/8,"\mathcal{L}(5,7)","\mathcal{L}(23,25)","\mathcal{L}(61,63)"
2023/5/7,"\mathcal{L}(5,7)","\mathcal{L}(22,24)","\mathcal{L}(41,43)"
2023/5/6,"\mathcal{L}(5,7)","\mathcal{L}(28,30)","\mathcal{L}(45,47)"
2023/5/5,"\mathcal{L}(5,7)","\mathcal{L}(33,35)","\mathcal{L}(43,45)"
2023/5/4,"\mathcal{L}(6,8)","\mathcal{L}(26,28)","\mathcal{L}(48,50)"
2023/5/3,"\mathcal{L}(6,8)","\mathcal{L}(21,23)","\mathcal{L}(54,56)"
2023/5/2,"\mathcal{L}(6,8)","\mathcal{L}(19,21)","\mathcal{L}(84,86)"
2023/5/1,"\mathcal{L}(8,10)","\mathcal{L}(39,41)","\mathcal{L}(121,123)"
2023/4/30,"\mathcal{L}(7,9)","\mathcal{L}(44,46)","\mathcal{L}(96,98)"
2023/4/29,"\mathcal{L}(6,8)","\mathcal{L}(44,46)","\mathcal{L}(69,71)"
2023/4/28,"\mathcal{L}(7,9)","\mathcal{L}(39,41)","\mathcal{L}(88,90)"
2023/4/27,"\mathcal{L}(6,8)","\mathcal{L}(28,30)","\mathcal{L}(99,101)"
2023/4/26,"\mathcal{L}(7,9)","\mathcal{L}(36,38)","\mathcal{L}(79,81)"
2023/4/25,"\mathcal{L}(7,9)","\mathcal{L}(41,43)","\mathcal{L}(48,50)"
2023/4/24,"\mathcal{L}(5,7)","\mathcal{L}(19,21)","\mathcal{L}(48,50)"
2023/4/23,"\mathcal{L}(5,7)","\mathcal{L}(19,21)","\mathcal{L}(80,82)"
2023/4/22,"\mathcal{L}(6,8)","\mathcal{L}(22,24)","\mathcal{L}(86,88)"
2023/4/21,"\mathcal{L}(5,7)","\mathcal{L}(19,21)","\mathcal{L}(56,58)"
2023/4/20,"\mathcal{L}(5,7)","\mathcal{L}(28,30)","\mathcal{L}(47,49)"
2023/4/19,"\mathcal{L}(5,7)","\mathcal{L}(28,30)","\mathcal{L}(44,46)"
2023/4/18,"\mathcal{L}(7,9)","\mathcal{L}(48,50)","\mathcal{L}(86,88)"
2023/4/17,"\mathcal{L}(6,8)","\mathcal{L}(26,28)","\mathcal{L}(86,88)"
2023/4/16,"\mathcal{L}(6,8)","\mathcal{L}(29,31)","\mathcal{L}(92,94)"
2023/4/15,"\mathcal{L}(5,7)","\mathcal{L}(36,38)","\mathcal{L}(60,62)"
2023/4/14,"\mathcal{L}(7,9)","\mathcal{L}(56,58)","\mathcal{L}(75,77)"
2023/4/13,"\mathcal{L}(5,7)","\mathcal{L}(37,39)","\mathcal{L}(133,135)"
2023/4/12,"\mathcal{L}(5,7)","\mathcal{L}(28,30)","\mathcal{L}(187,189)"
2023/4/11,"\mathcal{L}(7,9)","\mathcal{L}(41,43)","\mathcal{L}(124,126)"
2023/4/10,"\mathcal{L}(7,9)","\mathcal{L}(34,36)","\mathcal{L}(96,98)"
2023/4/9,"\mathcal{L}(7,9)","\mathcal{L}(38,40)","\mathcal{L}(99,101)"
2023/4/8,"\mathcal{L}(6,8)","\mathcal{L}(43,45)","\mathcal{L}(66,68)"
2023/4/7,"\mathcal{L}(6,8)","\mathcal{L}(41,43)","\mathcal{L}(82,84)"
2023/4/6,"\mathcal{L}(5,7)","\mathcal{L}(41,43)","\mathcal{L}(66,68)"
2023/4/5,"\mathcal{L}(5,7)","\mathcal{L}(26,28)","\mathcal{L}(48,50)"
2023/4/4,"\mathcal{L}(5,7)","\mathcal{L}(23,25)","\mathcal{L}(47,49)"
2023/4/3,"\mathcal{L}(5,7)","\mathcal{L}(27,29)","\mathcal{L}(67,69)"
2023/4/2,"\mathcal{L}(6,8)","\mathcal{L}(54,56)","\mathcal{L}(80,82)"
2023/4/1,"\mathcal{L}(7,9)","\mathcal{L}(64,66)","\mathcal{L}(64,66)"
2023/3/31,"\mathcal{L}(7,9)","\mathcal{L}(41,43)","\mathcal{L}(44,46)"
2023/3/31,"\mathcal{L}(7,9)","\mathcal{L}(41,43)","\mathcal{L}(44,46)"
2023/3/30,"\mathcal{L}(5,7)","\mathcal{L}(43,45)","\mathcal{L}(71,73)"
2023/3/30,"\mathcal{L}(5,7)","\mathcal{L}(43,45)","\mathcal{L}(71,73)"
2023/3/29,"\mathcal{L}(6,8)","\mathcal{L}(49,51)","\mathcal{L}(57,59)"
2023/3/28,"\mathcal{L}(7,9)","\mathcal{L}(49,51)","\mathcal{L}(71,73)"
2023/3/27,"\mathcal{L}(7,9)","\mathcal{L}(53,55)","\mathcal{L}(78,80)"
2023/3/26,"\mathcal{L}(6,8)","\mathcal{L}(29,31)","\mathcal{L}(62,64)"
2023/3/25,"\mathcal{L}(6,8)","\mathcal{L}(37,39)","\mathcal{L}(49,51)"
2023/3/24,"\mathcal{L}(5,7)","\mathcal{L}(27,29)","\mathcal{L}(78,80)"
2023/3/23,"\mathcal{L}(5,7)","\mathcal{L}(39,41)","\mathcal{L}(91,93)"
2023/3/22,"\mathcal{L}(5,7)","\mathcal{L}(73,75)","\mathcal{L}(73,75)"
2023/3/21,"\mathcal{L}(5,7)","\mathcal{L}(63,65)","\mathcal{L}(63,65)"
2023/3/20,"\mathcal{L}(5,7)","\mathcal{L}(38,40)","\mathcal{L}(48,50)"
2023/3/19,"\mathcal{L}(6,8)","\mathcal{L}(34,36)","\mathcal{L}(45,47)"
2023/3/19,"\mathcal{L}(6,8)","\mathcal{L}(34,36)","\mathcal{L}(45,47)"
2023/3/18,"\mathcal{L}(5,7)","\mathcal{L}(34,36)","\mathcal{L}(37,39)"
2023/3/17,"\mathcal{L}(5,7)","\mathcal{L}(27,29)","\mathcal{L}(39,41)"
2023/3/16,"\mathcal{L}(5,7)","\mathcal{L}(21,23)","\mathcal{L}(65,67)"
2023/3/15,"\mathcal{L}(8,10)","\mathcal{L}(41,43)","\mathcal{L}(69,71)"
2023/3/14,"\mathcal{L}(7,9)","\mathcal{L}(36,38)","\mathcal{L}(64,66)"
2023/3/13,"\mathcal{L}(6,8)","\mathcal{L}(32,34)","\mathcal{L}(52,54)"
2023/3/12,"\mathcal{L}(5,7)","\mathcal{L}(31,33)","\mathcal{L}(59,61)"
2023/3/11,"\mathcal{L}(7,9)","\mathcal{L}(41,43)","\mathcal{L}(76,78)"
2023/3/10,"\mathcal{L}(8,10)","\mathcal{L}(67,69)","\mathcal{L}(101,103)"
2023/3/9,"\mathcal{L}(7,9)","\mathcal{L}(66,68)","\mathcal{L}(101,103)"
2023/3/8,"\mathcal{L}(7,9)","\mathcal{L}(67,69)","\mathcal{L}(67,69)"
2023/3/7,"\mathcal{L}(8,10)","\mathcal{L}(58,60)","\mathcal{L}(79,81)"
2023/3/6,"\mathcal{L}(8,10)","\mathcal{L}(64,66)","\mathcal{L}(84,86)"
2023/3/5,"\mathcal{L}(6,8)","\mathcal{L}(48,50)","\mathcal{L}(53,55)"
2023/3/4,"\mathcal{L}(6,8)","\mathcal{L}(58,60)","\mathcal{L}(58,60)"
2023/3/3,"\mathcal{L}(5,7)","\mathcal{L}(49,51)","\mathcal{L}(49,51)"
2023/3/2,"\mathcal{L}(7,9)","\mathcal{L}(44,46)","\mathcal{L}(57,59)"
2023/3/1,"\mathcal{L}(8,10)","\mathcal{L}(68,70)","\mathcal{L}(92,94)"
2023/2/28,"\mathcal{L}(6,8)","\mathcal{L}(56,58)","\mathcal{L}(56,58)"
2023/2/27,"\mathcal{L}(5,7)","\mathcal{L}(38,40)","\mathcal{L}(45,47)"
2023/2/26,"\mathcal{L}(6,8)","\mathcal{L}(33,35)","\mathcal{L}(43,45)"
2023/2/25,"\mathcal{L}(6,8)","\mathcal{L}(26,28)","\mathcal{L}(47,49)"
2023/2/24,"\mathcal{L}(6,8)","\mathcal{L}(39,41)","\mathcal{L}(59,61)"
2023/2/23,"\mathcal{L}(5,7)","\mathcal{L}(38,40)","\mathcal{L}(38,40)"
2023/2/22,"\mathcal{L}(5,7)","\mathcal{L}(32,34)","\mathcal{L}(34,36)"
2023/2/21,"\mathcal{L}(5,7)","\mathcal{L}(22,24)","\mathcal{L}(36,38)"
2023/2/20,"\mathcal{L}(7,9)","\mathcal{L}(43,45)","\mathcal{L}(57,59)"
2023/2/19,"\mathcal{L}(6,8)","\mathcal{L}(46,48)","\mathcal{L}(112,114)"
2023/2/18,"\mathcal{L}(8,10)","\mathcal{L}(82,84)","\mathcal{L}(82,84)"
2023/2/17,"\mathcal{L}(6,8)","\mathcal{L}(58,60)","\mathcal{L}(58,60)"
2023/2/16,"\mathcal{L}(6,8)","\mathcal{L}(46,48)","\mathcal{L}(46,48)"
2023/2/15,"\mathcal{L}(6,8)","\mathcal{L}(34,36)","\mathcal{L}(41,43)"
2023/2/14,"\mathcal{L}(5,7)","\mathcal{L}(23,25)","\mathcal{L}(35,37)"
2023/2/14,"\mathcal{L}(5,7)","\mathcal{L}(23,25)","\mathcal{L}(35,37)"
2023/2/13,"\mathcal{L}(4,6)","\mathcal{L}(23,25)","\mathcal{L}(45,47)"
2023/2/12,"\mathcal{L}(4,6)","\mathcal{L}(43,45)","\mathcal{L}(43,45)"
2023/2/11,"\mathcal{L}(5,7)","\mathcal{L}(36,38)","\mathcal{L}(36,38)"
2023/2/11,"\mathcal{L}(5,7)","\mathcal{L}(36,38)","\mathcal{L}(36,38)"
2023/2/10,"\mathcal{L}(4,6)","\mathcal{L}(33,35)","\mathcal{L}(36,38)"
2023/2/9,"\mathcal{L}(5,7)","\mathcal{L}(41,43)","\mathcal{L}(41,43)"
2023/2/8,"\mathcal{L}(5,7)","\mathcal{L}(33,35)","\mathcal{L}(57,59)"
2023/2/7,"\mathcal{L}(5,7)","\mathcal{L}(32,34)","\mathcal{L}(44,46)"
2023/2/6,"\mathcal{L}(4,6)","\mathcal{L}(43,45)","\mathcal{L}(43,45)"
2023/2/5,"\mathcal{L}(6,8)","\mathcal{L}(38,40)","\mathcal{L}(48,50)"
2023/2/4,"\mathcal{L}(6,8)","\mathcal{L}(39,41)","\mathcal{L}(39,41)"
2023/2/3,"\mathcal{L}(5,7)","\mathcal{L}(28,30)","\mathcal{L}(50,52)"
2023/2/2,"\mathcal{L}(5,7)","\mathcal{L}(23,25)","\mathcal{L}(49,51)"
2023/2/1,"\mathcal{L}(7,9)","\mathcal{L}(62,64)","\mathcal{L}(62,64)"
2023/1/31,"\mathcal{L}(7,9)","\mathcal{L}(49,51)","\mathcal{L}(53,55)"
2023/1/30,"\mathcal{L}(8,10)","\mathcal{L}(62,64)","\mathcal{L}(66,68)"
2023/1/29,"\mathcal{L}(7,9)","\mathcal{L}(48,50)","\mathcal{L}(58,60)"
2023/1/28,"\mathcal{L}(8,10)","\mathcal{L}(38,40)","\mathcal{L}(56,58)"
2023/1/27,"\mathcal{L}(7,9)","\mathcal{L}(18,20)","\mathcal{L}(58,60)"
2023/1/26,"\mathcal{L}(7,9)","\mathcal{L}(27,29)","\mathcal{L}(59,61)"
2023/1/25,"\mathcal{L}(6,8)","\mathcal{L}(14,16)","\mathcal{L}(36,38)"
2023/1/24,"\mathcal{L}(5,7)","\mathcal{L}(9,11)","\mathcal{L}(44,46)"
2023/1/23,"\mathcal{L}(5,7)","\mathcal{L}(17,19)","\mathcal{L}(38,40)"
2023/1/22,"\mathcal{L}(5,7)","\mathcal{L}(21,23)","\mathcal{L}(28,30)"
2023/1/21,"\mathcal{L}(6,8)","\mathcal{L}(18,20)","\mathcal{L}(59,61)"
2023/1/20,"\mathcal{L}(7,9)","\mathcal{L}(33,35)","\mathcal{L}(85,87)"
2023/1/19,"\mathcal{L}(8,10)","\mathcal{L}(61,63)","\mathcal{L}(74,76)"
2023/1/18,"\mathcal{L}(8,10)","\mathcal{L}(48,50)","\mathcal{L}(69,71)"
2023/1/17,"\mathcal{L}(8,10)","\mathcal{L}(34,36)","\mathcal{L}(58,60)"
2023/1/16,"\mathcal{L}(7,9)","\mathcal{L}(28,30)","\mathcal{L}(49,51)"
2023/1/15,"\mathcal{L}(5,7)","\mathcal{L}(21,23)","\mathcal{L}(30,32)"
2023/1/14,"\mathcal{L}(4,6)","\mathcal{L}(21,23)","\mathcal{L}(27,29)"
2023/1/13,"\mathcal{L}(5,7)","\mathcal{L}(52,54)","\mathcal{L}(52,54)"
2023/1/12,"\mathcal{L}(5,7)","\mathcal{L}(38,40)","\mathcal{L}(38,40)"
2023/1/11,"\mathcal{L}(6,8)","\mathcal{L}(53,55)","\mathcal{L}(53,55)"
2023/1/10,"\mathcal{L}(5,7)","\mathcal{L}(34,36)","\mathcal{L}(35,37)"
2023/1/9,"\mathcal{L}(7,9)","\mathcal{L}(56,58)","\mathcal{L}(82,84)"
2023/1/8,"\mathcal{L}(8,10)","\mathcal{L}(56,58)","\mathcal{L}(73,75)"
2023/1/7,"\mathcal{L}(10,12)","\mathcal{L}(88,90)","\mathcal{L}(128,130)"
2023/1/6,"\mathcal{L}(8,10)","\mathcal{L}(86,88)","\mathcal{L}(106,108)"
2023/1/5,"\mathcal{L}(6,8)","\mathcal{L}(78,80)","\mathcal{L}(78,80)"
2023/1/4,"\mathcal{L}(7,9)","\mathcal{L}(67,69)","\mathcal{L}(67,69)"
2023/1/3,"\mathcal{L}(6,8)","\mathcal{L}(43,45)","\mathcal{L}(43,45)"
2023/1/2,"\mathcal{L}(7,9)","\mathcal{L}(49,51)","\mathcal{L}(78,80)"
2023/1/1,"\mathcal{L}(8,10)","\mathcal{L}(103,105)","\mathcal{L}(109,111)"
2022/12/31,"\mathcal{L}(9,11)","\mathcal{L}(86,88)","\mathcal{L}(93,95)"
2022/12/30,"\mathcal{L}(7,9)","\mathcal{L}(67,69)","\mathcal{L}(67,69)"
2022/12/29,"\mathcal{L}(6,8)","\mathcal{L}(43,45)","\mathcal{L}(43,45)"
2022/12/28,"\mathcal{L}(9,11)","\mathcal{L}(53,55)","\mathcal{L}(107,109)"
2022/12/27,"\mathcal{L}(9,11)","\mathcal{L}(63,65)","\mathcal{L}(93,95)"
2022/12/26,"\mathcal{L}(8,10)","\mathcal{L}(71,73)","\mathcal{L}(71,73)"
2022/12/25,"\mathcal{L}(7,9)","\mathcal{L}(51,53)","\mathcal{L}(51,53)"
2022/12/24,"\mathcal{L}(9,11)","\mathcal{L}(53,55)","\mathcal{L}(53,55)"
2022/12/23,"\mathcal{L}(8,10)","\mathcal{L}(43,45)","\mathcal{L}(43,45)"
2022/12/22,"\mathcal{L}(8,10)","\mathcal{L}(54,56)","\mathcal{L}(73,75)"
2022/12/21,"\mathcal{L}(8,10)","\mathcal{L}(61,63)","\mathcal{L}(71,73)"
2022/12/20,"\mathcal{L}(6,8)","\mathcal{L}(68,70)","\mathcal{L}(68,70)"
2022/12/19,"\mathcal{L}(7,9)","\mathcal{L}(72,74)","\mathcal{L}(72,74)"
2022/12/18,"\mathcal{L}(7,9)","\mathcal{L}(46,48)","\mathcal{L}(57,59)"
2022/12/17,"\mathcal{L}(6,8)","\mathcal{L}(28,30)","\mathcal{L}(53,55)"
2022/12/16,"\mathcal{L}(5,7)","\mathcal{L}(46,48)","\mathcal{L}(46,48)"
2022/12/15,"\mathcal{L}(6,8)","\mathcal{L}(67,69)","\mathcal{L}(67,69)"
2022/12/14,"\mathcal{L}(7,9)","\mathcal{L}(51,53)","\mathcal{L}(76,78)"
2022/12/13,"\mathcal{L}(9,11)","\mathcal{L}(71,73)","\mathcal{L}(95,97)"
2022/12/12,"\mathcal{L}(6,8)","\mathcal{L}(57,59)","\mathcal{L}(57,59)"
2022/12/11,"\mathcal{L}(5,7)","\mathcal{L}(29,31)","\mathcal{L}(42,44)"
2022/12/10,"\mathcal{L}(5,7)","\mathcal{L}(57,59)","\mathcal{L}(76,78)"
2022/12/9,"\mathcal{L}(5,7)","\mathcal{L}(76,78)","\mathcal{L}(76,78)"
2022/12/8,"\mathcal{L}(6,8)","\mathcal{L}(84,86)","\mathcal{L}(84,86)"
2022/12/7,"\mathcal{L}(7,9)","\mathcal{L}(72,74)","\mathcal{L}(72,74)"
2022/12/6,"\mathcal{L}(6,8)","\mathcal{L}(67,69)","\mathcal{L}(67,69)"
2022/12/5,"\mathcal{L}(5,7)","\mathcal{L}(31,33)","\mathcal{L}(31,33)"
2022/12/4,"\mathcal{L}(4,6)","\mathcal{L}(19,21)","\mathcal{L}(30,32)"
2022/12/3,"\mathcal{L}(5,7)","\mathcal{L}(56,58)","\mathcal{L}(56,58)"
2022/12/2,"\mathcal{L}(7,9)","\mathcal{L}(59,61)","\mathcal{L}(59,61)"
2022/12/1,"\mathcal{L}(6,8)","\mathcal{L}(39,41)","\mathcal{L}(39,41)"
2022/11/30,"\mathcal{L}(5,7)","\mathcal{L}(28,30)","\mathcal{L}(28,30)"
2022/11/29,"\mathcal{L}(4,6)","\mathcal{L}(24,26)","\mathcal{L}(26,28)"
2022/11/28,"\mathcal{L}(5,7)","\mathcal{L}(37,39)","\mathcal{L}(37,39)"
2022/11/27,"\mathcal{L}(5,7)","\mathcal{L}(42,44)","\mathcal{L}(42,44)"
2022/11/26,"\mathcal{L}(6,8)","\mathcal{L}(68,70)","\mathcal{L}(68,70)"
2022/11/25,"\mathcal{L}(6,8)","\mathcal{L}(63,65)","\mathcal{L}(63,65)"
2022/11/24,"\mathcal{L}(5,7)","\mathcal{L}(62,64)","\mathcal{L}(62,64)"
2022/11/23,"\mathcal{L}(5,7)","\mathcal{L}(41,43)","\mathcal{L}(41,43)"
2022/11/22,"\mathcal{L}(5,7)","\mathcal{L}(42,44)","\mathcal{L}(47,49)"
2022/11/21,"\mathcal{L}(5,7)","\mathcal{L}(58,60)","\mathcal{L}(58,60)"
2022/11/20,"\mathcal{L}(5,7)","\mathcal{L}(47,49)","\mathcal{L}(64,66)"
2022/11/19,"\mathcal{L}(5,7)","\mathcal{L}(57,59)","\mathcal{L}(57,59)"
,,,
,,,
